{
  "threshold": 0.39999999999999997,
  "f2_score": 0.8830548682594661,
  "precision": 0.6666666666666666,
  "recall": 0.961038961038961,
  "balanced_accuracy": 0.8313259321323838
}